{"cameraMode":{"drawMode":0,"name":"Shaded","section":"Shading Mode"},"sceneLighting":true,"audioPlay":false,"sceneViewState":{"m_AlwaysRefresh":false,"showFog":true,"showSkybox":true,"showFlares":true,"showImageEffects":true,"showParticleSystems":true,"showVisualEffectGraphs":true,"m_FxEnabled":true},"in2DMode":false,"pivot":{"x":14.09000015258789,"y":1.1999998092651368,"z":112.63999938964844},"rotation":{"x":-0.00847595278173685,"y":0.9901106357574463,"z":-0.06873256713151932,"w":-0.12209887057542801},"size":11.790732383728028,"orthographic":false}