{"cameraMode":{"drawMode":0,"name":"Shaded","section":"Shading Mode"},"sceneLighting":false,"audioPlay":false,"sceneViewState":{"m_AlwaysRefresh":false,"showFog":true,"showSkybox":false,"showFlares":true,"showImageEffects":true,"showParticleSystems":true,"showVisualEffectGraphs":true,"m_FxEnabled":true},"in2DMode":false,"pivot":{"x":-0.15233242511749268,"y":0.45789575576782229,"z":5.646582126617432},"rotation":{"x":-0.004669453017413616,"y":0.9842396974563599,"z":-0.17484360933303834,"w":-0.026284320279955865},"size":1.4271671772003174,"orthographic":false}